HashId,ChainId,ChainName,ParentChainId,ParentChainName,StoreName,StoreNumber,Address,Address2,City,State,PostalCode,Country,Latitude,Longitude,GeoAccuracy,PhoneNumber,status_norm,open_date,close_date,SiteId,Label,DistributorName,StoreType,us_locationcount_latest,ScrapeDate
566-97748366f11c4807abf97206d95e4240-2b475e20807060f188987d3b073b40e7,566,Bentley's Pet Stuff,,,Bentley's Pet Stuff Alogonquin,205,1492 S. Randall Road,,Algonquin,IL,60102,United States,42.1545434,-88.3366237,G2S-ROOFTOP-A,(224) 241-8392,OPEN,2019-04-20,,,Bentley's Pet Stuff,,,29.0,2025-03-24
566-97b565474094bc6a3438cd1d4572e4c6-0379fefa0cb4b1f3dabd59046e127ff6,566,Bentley's Pet Stuff,,,CA| Protein for Pets Anaheim Hills,215,701 S. Weir Canyon Rd.,,Anaheim,CA,92808,United States,33.8622241,-117.7395719,G2S-ROOFTOP-A,(661) 425-6897,OPEN,2020-01-03,,2276.0,Bentley's Pet Stuff,,,29.0,2025-03-24
566-97b565474094bc6a3438cd1d4572e4c6-0379fefa0cb4b1f3dabd59046e127ff6,566,Bentley's Pet Stuff,,,CA| Protein for Pets Anaheim Hills,2,701 S. Weir Canyon Rd.,,Anaheim,CA,92808,United States,33.8622241,-117.7395719,G2S-ROOFTOP-A,(661) 425-6897,OPEN,2020-01-26,2022-08-12,2276.0,Bentley's Pet Stuff,,,29.0,2025-03-24
566-9860d79ede42f7f9f48e9598c06e9d2f-d0587cb0194709c170e18fc6add92cf5,566,Bentley's Pet Stuff,,,Protein For Pets,,701 South Weir Canyon Road,,Anaheim,CA,92808,United States,33.8621686,-117.739628,G2S-ROOFTOP-A,(714) 395-4158,OPEN,2023-04-22,,2276.0,Bentley's Pet Stuff,,,29.0,2025-03-24
566-e94a49da357d882e4766c8819f139a21-076be9c295b5c0363674e10bef6e93ac,566,Bentley's Pet Stuff,,,Green Paws - Bentleys Pet Stuff - Ann Arbor MI,211,211 N Maple Road,,Ann Arbor,MI,48103,United States,42.2835956,-83.781612,G2U-ROOFTOP,,OPEN,2019-04-20,,2619.0,Bentley's Pet Stuff,,,29.0,2025-03-24
566-e94a49da357d882e4766c8819f139a21-076be9c295b5c0363674e10bef6e93ac,566,Bentley's Pet Stuff,,,Green Paws - Bentleys Pet Stuff - Ann Arbor MI,,211 N Maple Road,,Ann Arbor,MI,48103,United States,42.2835956,-83.781612,G2U-ROOFTOP,,OPEN,2019-07-16,2023-04-22,2619.0,Bentley's Pet Stuff,,,29.0,2025-03-24
566-3e14660c0ebe2d4989aeba18c6bf0078-65e01a3a8379197880055363eb3bd089,566,Bentley's Pet Stuff,,,Bentley's Pet Stuff,101,90 S. Evergreen Avenue,,Arlington Heights,IL,60005,United States,42.0811508,-87.9819593,G2S-ROOFTOP-A,(224) 735-2160,OPEN,2019-04-20,,,Bentley's Pet Stuff,,,29.0,2025-03-24
566-7e33d397ebe87843d693489098965c7a-b802a3cd9fd6b5736685261a80919de9,566,Bentley's Pet Stuff,,,Bentley's Pet Stuff Arlington Heights,61206,12 S Dunton,,Arlington Heights,IL,60005,United States,42.0822484,-87.9830546,G2S-ROOFTOP-A,(224) 735-2160,OPEN,2017-04-27,,,Bentley's Pet Stuff,,,29.0,2025-03-24
566-7e33d397ebe87843d693489098965c7a-b802a3cd9fd6b5736685261a80919de9,566,Bentley's Pet Stuff,,,Bentley's Pet Stuff Arlington Heights,61206,12 S Dunton,,Arlington Heights,IL,60005,United States,42.0822484,-87.9830546,G2S-ROOFTOP-A,(224) 735-2160,OPEN,,2019-07-16,,Bentley's Pet Stuff,,,29.0,2025-03-24
566-0729f218df01708f4ee02bf33bb6e7a9-e328b59b1fcd183b339fe2257f9dd8ce,566,Bentley's Pet Stuff,,,Bentley's Pet Stuff,61198,"7705 Wadsworth Blvd, Unit F",,Arvada,CO,80003,United States,39.8356003,-105.0829907,G2U-ROOFTOP,(720) 639-6958,OPEN,2017-07-26,,20908.0,Bentley's Pet Stuff,,,29.0,2025-03-24
566-0729f218df01708f4ee02bf33bb6e7a9-e328b59b1fcd183b339fe2257f9dd8ce,566,Bentley's Pet Stuff,,,Bentley's Pet Stuff,,"7705 Wadsworth Blvd, Unit F",,Arvada,CO,80003,United States,39.8356003,-105.0829907,G2U-ROOFTOP,(720) 639-6958,OPEN,,2025-03-24,20908.0,Bentley's Pet Stuff,,,29.0,2025-03-24
566-8770041901888a1f5aa3d03c7942eda9-e328b59b1fcd183b339fe2257f9dd8ce,566,Bentley's Pet Stuff,,,Bentley's Pet Stuff Arvada Indian Tree,61198,7705 Wadsworth Blvd,,Arvada,CO,80005,United States,39.8363001,-105.083216,PREMISE: ROOFTOP,(720) 639-6958,OPEN,2017-04-27,,20908.0,Bentley's Pet Stuff,,,29.0,2025-03-24
566-8770041901888a1f5aa3d03c7942eda9-e328b59b1fcd183b339fe2257f9dd8ce,566,Bentley's Pet Stuff,,,Bentley's Pet Stuff Arvada Indian Tree,61198,7705 Wadsworth Blvd,,Arvada,CO,80005,United States,39.8363001,-105.083216,PREMISE: ROOFTOP,(720) 639-6958,OPEN,,2018-01-26,20908.0,Bentley's Pet Stuff,,,29.0,2025-03-24
566-b2fbd196cb8e98c25d0d233dfb895122-20e272286785beff4fbbb10a16094514,566,Bentley's Pet Stuff,,,Pet Empawrium - A Bentley's Pet Stuff Company,379295,12393 W. 64Th Avenue,,Arvada,CO,80004,United States,39.8132493,-105.1368868,G2S-ROOFTOP-A,(303) 467-7777,OPEN,2017-04-27,,,Bentley's Pet Stuff,,,29.0,2025-03-24
566-b2fbd196cb8e98c25d0d233dfb895122-20e272286785beff4fbbb10a16094514,566,Bentley's Pet Stuff,,,Pet Empawrium - A Bentley's Pet Stuff Company,379295,12393 W. 64Th Avenue,,Arvada,CO,80004,United States,39.8132493,-105.1368868,G2S-ROOFTOP-A,(303) 467-7777,OPEN,,2019-07-16,,Bentley's Pet Stuff,,,29.0,2025-03-24
566-e0b7f3cdecdf3eafbf5eeba932c96897-3b9255409021eb68090edb79a3e9af3e,566,Bentley's Pet Stuff,,,Bentley's Pet Stuff - Aurora,61199,1155 S Havana St.,,Aurora,CO,80012,United States,39.6953655,-104.8677796,ROOFTOP - AUTO,,OPEN,2017-04-27,,57991.0,Bentley's Pet Stuff,,,29.0,2025-03-24
566-e0b7f3cdecdf3eafbf5eeba932c96897-3b9255409021eb68090edb79a3e9af3e,566,Bentley's Pet Stuff,,,Bentley's Pet Stuff - Aurora,61199,1155 S Havana St.,,Aurora,CO,80012,United States,39.6953655,-104.8677796,ROOFTOP - AUTO,,OPEN,,2018-01-26,57991.0,Bentley's Pet Stuff,,,29.0,2025-03-24
566-e0b7f3cdecdf3eafbf5eeba932c96897-94f2e29e09eb40841385ee862cf01cb1,566,Bentley's Pet Stuff,,,Bentley's Pet Stuff - Aurora,61199,1155 S Havana St.,,Aurora,CO,80012,United States,39.6953655,-104.8677796,G2S-GEOMETRIC_CENTER-A,(720) 638-9245,OPEN,2017-07-26,,57991.0,Bentley's Pet Stuff,,,29.0,2025-03-24
566-e0b7f3cdecdf3eafbf5eeba932c96897-94f2e29e09eb40841385ee862cf01cb1,566,Bentley's Pet Stuff,,,Bentley's Pet Stuff - Aurora,61199,1155 S Havana St.,,Aurora,CO,80012,United States,39.6953655,-104.8677796,G2S-GEOMETRIC_CENTER-A,(720) 638-9245,OPEN,,2019-07-16,57991.0,Bentley's Pet Stuff,,,29.0,2025-03-24
566-ffb4899bfc22adc1a1013f6a1bf01fe9-59d66f706dabab4a8a754ce18c311447,566,Bentley's Pet Stuff,,,Bentley's Pet Stuff - IL | Bannockburn,61208,"1111 Half Day Rd, Unit 146",,Bannockburn,IL,60015,United States,42.1994335,-87.8593753,G2U-ROOFTOP,,OPEN,2017-04-27,,51689.0,Bentley's Pet Stuff,,,29.0,2025-03-24
566-ffb4899bfc22adc1a1013f6a1bf01fe9-59d66f706dabab4a8a754ce18c311447,566,Bentley's Pet Stuff,,,Bentley's Pet Stuff - IL | Bannockburn,,"1111 Half Day Rd, Unit 146",,Bannockburn,IL,60015,United States,42.1994335,-87.8593753,G2U-ROOFTOP,,OPEN,,2023-05-24,51689.0,Bentley's Pet Stuff,,,29.0,2025-03-24
566-92ac71251ea9638289be67499d5db90c-f60092a57044dcf2d81917b55f28840d,566,Bentley's Pet Stuff,,,Bentley's Pet Stuff,69505,1934 West Fabyan Parkway,,Batavia,IL,60510,United States,41.86386,-88.3380372,G2U-ROOFTOP,(630) 425-3454,OPEN,2017-04-27,,40660.0,Bentley's Pet Stuff,,,29.0,2025-03-24
566-92ac71251ea9638289be67499d5db90c-f60092a57044dcf2d81917b55f28840d,566,Bentley's Pet Stuff,,,Bentley's Pet Stuff,,1934 West Fabyan Parkway,,Batavia,IL,60510,United States,41.86386,-88.3380372,G2U-ROOFTOP,(630) 425-3454,OPEN,,2023-10-14,40660.0,Bentley's Pet Stuff,,,29.0,2025-03-24
566-2ad593111cc48a52b41127c49f6866ec-550c8ae4f49a591c496c2a04f5b03c41,566,Bentley's Pet Stuff,,,FL | All 4 Pets - Belle Isle Florida,70,5126 S. Conway Rd.,,Belle Isle,FL,32812,United States,28.4821657,-81.3322699,G2C-ROOFTOP-A,(407) 930-2666,OPEN,2021-12-21,,19358.0,Bentley's Pet Stuff,,,29.0,2025-03-24
566-2ad593111cc48a52b41127c49f6866ec-550c8ae4f49a591c496c2a04f5b03c41,566,Bentley's Pet Stuff,,,FL | All 4 Pets - Belle Isle Florida,70,5126 S. Conway Rd.,,Belle Isle,FL,32812,United States,28.4821657,-81.3322699,G2C-ROOFTOP-A,(407) 930-2666,OPEN,2022-01-14,2022-08-12,19358.0,Bentley's Pet Stuff,,,29.0,2025-03-24
566-6a4ae08af80b2f6b04018544b79f7793-7c7a3604027a83bb5bd481c991709b31,566,Bentley's Pet Stuff,,,FL| Munchies Natural Pet Belleair Bluffs Florida,61,2896 West Bay Drive,,Belleair Bluffs,FL,33770,United States,27.916447,-82.818255,G2S-ROOFTOP-A,(727) 581-1000,OPEN,2021-05-10,,,Bentley's Pet Stuff,,,29.0,2025-03-24
566-6a4ae08af80b2f6b04018544b79f7793-7c7a3604027a83bb5bd481c991709b31,566,Bentley's Pet Stuff,,,FL| Munchies Natural Pet Belleair Bluffs Florida,61,2896 West Bay Drive,,Belleair Bluffs,FL,33770,United States,27.916447,-82.818255,G2S-ROOFTOP-A,(727) 581-1000,OPEN,2021-06-28,2022-08-12,,Bentley's Pet Stuff,,,29.0,2025-03-24
566-92d20152b3747a49991e429718c80149-10d878bca76f1f52a8e82dd96eee1b97,566,Bentley's Pet Stuff,,,MT| Dee-O-Gee Billings Montana,64,"27 Shiloh Rd, Ste #1",,Billings,MT,59102,United States,45.7703054,-108.6168505,G2S-ROOFTOP-A,,OPEN,2021-05-10,,,Bentley's Pet Stuff,,,29.0,2025-03-24
566-92d20152b3747a49991e429718c80149-10d878bca76f1f52a8e82dd96eee1b97,566,Bentley's Pet Stuff,,,MT| Dee-O-Gee Billings Montana,64,"27 Shiloh Rd, Ste #1",,Billings,MT,59102,United States,45.7703054,-108.6168505,G2S-ROOFTOP-A,,OPEN,2021-06-28,2022-08-12,,Bentley's Pet Stuff,,,29.0,2025-03-24
566-b5e0a8022389bef4d744a4cd819692d7-01c8d449b3e266a8be021660dd02e6db,566,Bentley's Pet Stuff,,,Bentley's Pet Stuff Boulder,61196,1855 29Th St,,Boulder,CO,80301,United States,40.0192492,-105.2564728,G2S-ROOFTOP-A,(303) 443-0981,OPEN,2017-04-27,,24506.0,Bentley's Pet Stuff,,,29.0,2025-03-24
566-b5e0a8022389bef4d744a4cd819692d7-01c8d449b3e266a8be021660dd02e6db,566,Bentley's Pet Stuff,,,Bentley's Pet Stuff Boulder,61196,1855 29Th St,,Boulder,CO,80301,United States,40.0192492,-105.2564728,G2S-ROOFTOP-A,(303) 443-0981,OPEN,,2019-07-16,24506.0,Bentley's Pet Stuff,,,29.0,2025-03-24
566-c33458cc753028c7f6d81884417303ca-15416da765a70e5c97eee4661812eacd,566,Bentley's Pet Stuff,,,"MT| Dee-O-Gee Bozeman, MT",66,"2051 Oak St., #4",Address,Bozeman,MT,59718,United States,45.6939129,-111.0642932,G2S-ROOFTOP-A,,OPEN,2021-05-10,,15489.0,Bentley's Pet Stuff,,,29.0,2025-03-24
566-365e8e8366f6be34212893c093f5a18c-15416da765a70e5c97eee4661812eacd,566,Bentley's Pet Stuff,,,"MT| Dee-O-Gee Bozeman, MT",65,"424 E. Main St., #103",Address,Bozeman,MT,59715,United States,45.679121,-111.0308863,G2S-ROOFTOP-A,,OPEN,2021-05-10,,,Bentley's Pet Stuff,,,29.0,2025-03-24
566-c33458cc753028c7f6d81884417303ca-15416da765a70e5c97eee4661812eacd,566,Bentley's Pet Stuff,,,"MT| Dee-O-Gee Bozeman, MT",66,"2051 Oak St., #4",Address,Bozeman,MT,59718,United States,45.6939129,-111.0642932,G2S-ROOFTOP-A,,OPEN,2021-06-28,2022-08-12,15489.0,Bentley's Pet Stuff,,,29.0,2025-03-24
566-365e8e8366f6be34212893c093f5a18c-15416da765a70e5c97eee4661812eacd,566,Bentley's Pet Stuff,,,"MT| Dee-O-Gee Bozeman, MT",65,"424 E. Main St., #103",Address,Bozeman,MT,59715,United States,45.679121,-111.0308863,G2S-ROOFTOP-A,,OPEN,2021-06-28,2022-08-12,,Bentley's Pet Stuff,,,29.0,2025-03-24
566-f7525ca7d651412ddeee83e179443bb8-612476260a4b0b4c2fb140012dcbd0a8,566,Bentley's Pet Stuff,,,Bentley's Pet Stuff & Grooming,97613,17260 W Bluemound Road #660,,Brookfield,WI,53045,United States,43.0368874,-88.1279287,G2U-ROOFTOP,(262) 505-6365,OPEN,2017-04-27,,55877.0,Bentley's Pet Stuff,,,29.0,2025-03-24
566-06bdbc83cd56cb54a757ad244e7b0f77-a3bbebdd93f667156d731be2521cd275,566,Bentley's Pet Stuff,,,"CO| Muttz, A Bentley's Pet Stuff Company Broomfield",59,3800 W. 144Th Ave,,Broomfield,CO,80023,United States,39.9567362,-105.0380707,G2S-ROOFTOP-A,,OPEN,2021-02-19,,4763.0,Bentley's Pet Stuff,,,29.0,2025-03-24
566-06bdbc83cd56cb54a757ad244e7b0f77-a3bbebdd93f667156d731be2521cd275,566,Bentley's Pet Stuff,,,"CO| Muttz, A Bentley's Pet Stuff Company Broomfield",59,3800 W. 144Th Ave,,Broomfield,CO,80023,United States,39.9567362,-105.0380707,G2S-ROOFTOP-A,,OPEN,2021-03-20,2022-02-09,4763.0,Bentley's Pet Stuff,,,29.0,2025-03-24
566-06bdbc83cd56cb54a757ad244e7b0f77-a2a3422cf47de58d49006ed8324e6781,566,Bentley's Pet Stuff,,,Muttz (Broomfield),207,3800 W 144Th Ave,,Broomfield,CO,80023,United States,39.9567092,-105.03858,G2S-ROOFTOP-A,(303) 466-1180,OPEN,2019-04-20,,4763.0,Bentley's Pet Stuff,,,29.0,2025-03-24
566-06bdbc83cd56cb54a757ad244e7b0f77-a2a3422cf47de58d49006ed8324e6781,566,Bentley's Pet Stuff,,,Muttz (Broomfield),207,3800 W 144Th Ave,,Broomfield,CO,80023,United States,39.9567092,-105.03858,G2S-ROOFTOP-A,(303) 466-1180,OPEN,2019-07-16,2020-07-30,4763.0,Bentley's Pet Stuff,,,29.0,2025-03-24
566-77e06127b0d68946d8b2f0aabfadc0b8-fa623c7c8842f4514cc02e6c499a0959,566,Bentley's Pet Stuff,,,CA| Protein for Pets Santa Clarita,221,16630 Soledad Canyon Rd.,,Canyon Country,CA,91387,United States,34.425835,-118.4259153,G2U-ROOFTOP,(661) 425-6904,OPEN,2020-01-03,,17332.0,Bentley's Pet Stuff,,,29.0,2025-03-24
566-77e06127b0d68946d8b2f0aabfadc0b8-fa623c7c8842f4514cc02e6c499a0959,566,Bentley's Pet Stuff,,,CA| Protein for Pets Santa Clarita,4,16630 Soledad Canyon Rd.,,Canyon Country,CA,91387,United States,34.425835,-118.4259153,G2U-ROOFTOP,(661) 425-6904,OPEN,2020-01-26,2022-08-12,17332.0,Bentley's Pet Stuff,,,29.0,2025-03-24
566-9ec15f153ae9ff71a4498992544af237-35c660493c5f6221aee56cae1fbb395a,566,Bentley's Pet Stuff,,,Bentley's Pet Stuff,61216,1257 Devon Avenue,,Chicago,IL,60660,United States,41.9980055,-87.6627764999999,G2U-ROOFTOP,(773) 465-0600,OPEN,2017-04-27,,,Bentley's Pet Stuff,,,29.0,2025-03-24
566-eb1a9388cb57f158e0df0cc707624194-1e8169dee8ca4f200543a3f1a6fa1719,566,Bentley's Pet Stuff,,,Bentley's Pet Stuff,61205,1201 North Wells Street,,Chicago,IL,60610,United States,41.9039870999999,-87.6342978,G2U-ROOFTOP,(312) 255-1955,OPEN,2017-04-27,,,Bentley's Pet Stuff,,,29.0,2025-03-24
566-d734d21b6a5dcf140a13e33812febe18-1d2382e452de5a6836a7b850366513f5,566,Bentley's Pet Stuff,,,Bentley's Pet Stuff,61222,3657 North Southport Avenue,,Chicago,IL,60613,United States,41.948757,-87.663797,G2S-ROOFTOP-A,(773) 857-7600,OPEN,2017-04-27,,,Bentley's Pet Stuff,,,29.0,2025-03-24
566-2b84059d808d151f77533ea8f3ca7504-1e745abd7930eb0d4220583bd1e4289c,566,Bentley's Pet Stuff,,,Bentley's Pet Stuff,61220,"334 North Desplaines Street, Unit 1",,Chicago,IL,60661,United States,41.8877885,-87.6454413,G2U-ROOFTOP,(312) 382-2280,OPEN,2017-07-26,,,Bentley's Pet Stuff,,,29.0,2025-03-24
566-2b84059d808d151f77533ea8f3ca7504-1e745abd7930eb0d4220583bd1e4289c,566,Bentley's Pet Stuff,,,Bentley's Pet Stuff,,"334 North Desplaines Street, Unit 1",,Chicago,IL,60661,United States,41.8877885,-87.6454413,G2U-ROOFTOP,(312) 382-2280,OPEN,,2023-10-14,,Bentley's Pet Stuff,,,29.0,2025-03-24
566-f50ae1d4d6f9ed9bb635307fb93145df-1e745abd7930eb0d4220583bd1e4289c,566,Bentley's Pet Stuff,,,Bentley's Pet Stuff Des Plaines St.,61220,334 N DesPlaines St.,,Chicago,IL,60610,United States,41.8877885,-87.6454413,ROOFTOP,312-382-2280,OPEN,2017-04-27,,,Bentley's Pet Stuff,,,29.0,2025-03-24
566-f50ae1d4d6f9ed9bb635307fb93145df-1e745abd7930eb0d4220583bd1e4289c,566,Bentley's Pet Stuff,,,Bentley's Pet Stuff Des Plaines St.,61220,334 N DesPlaines St.,,Chicago,IL,60610,United States,41.8877885,-87.6454413,ROOFTOP,312-382-2280,OPEN,,2018-01-26,,Bentley's Pet Stuff,,,29.0,2025-03-24
566-5ded0ae629b26d4dfeb76f54f7b2ebb6-96f4d9afbd2bd93ecba04b8f18f0843b,566,Bentley's Pet Stuff,,,Bentley's Pet Stuff Halsted,61225,22 S Halsted,,Chicago,IL,60607,United States,41.8810457,-87.6474962,G2S-ROOFTOP-A,(312) 226-9228,OPEN,2017-04-27,,10906.0,Bentley's Pet Stuff,,,29.0,2025-03-24
566-5ded0ae629b26d4dfeb76f54f7b2ebb6-96f4d9afbd2bd93ecba04b8f18f0843b,566,Bentley's Pet Stuff,,,Bentley's Pet Stuff Halsted,61225,22 S Halsted,,Chicago,IL,60607,United States,41.8810457,-87.6474962,G2S-ROOFTOP-A,(312) 226-9228,OPEN,,2019-07-16,10906.0,Bentley's Pet Stuff,,,29.0,2025-03-24
566-8167d65cf49c9bb00b58961b4b3640dc-28429fcf8ef38e8d7bda4bc629d916e6,566,Bentley's Pet Stuff,,,Bentley's Pet Stuff LaSalle,61219,509 N LaSalle St,,Chicago,IL,60610,United States,41.8911558,-87.6323216,ROOFTOP,312-222-1012,OPEN,2017-04-27,,,Bentley's Pet Stuff,,,29.0,2025-03-24
566-8167d65cf49c9bb00b58961b4b3640dc-28429fcf8ef38e8d7bda4bc629d916e6,566,Bentley's Pet Stuff,,,Bentley's Pet Stuff LaSalle,61219,509 N LaSalle St,,Chicago,IL,60610,United States,41.8911558,-87.6323216,ROOFTOP,312-222-1012,OPEN,,2018-01-26,,Bentley's Pet Stuff,,,29.0,2025-03-24
566-c68d44bcb230d52eadee856e7392c6df-4136ed6e2af875ea1a8bc2e5e4a72837,566,Bentley's Pet Stuff,,,Bentley's Pet Stuff Lincoln Park,61226,2210 N. Halsted,,Chicago,IL,60602,United States,41.922207,-87.6488947,G2S-ROOFTOP-A,(773) 904-7040,OPEN,2017-07-26,,,Bentley's Pet Stuff,,,29.0,2025-03-24
566-c68d44bcb230d52eadee856e7392c6df-4136ed6e2af875ea1a8bc2e5e4a72837,566,Bentley's Pet Stuff,,,Bentley's Pet Stuff Lincoln Park,61226,2210 N. Halsted,,Chicago,IL,60602,United States,41.922207,-87.6488947,G2S-ROOFTOP-A,(773) 904-7040,OPEN,,2019-07-16,,Bentley's Pet Stuff,,,29.0,2025-03-24
566-6e9064d13fe52d0d547af2ff8f0f852a-28429fcf8ef38e8d7bda4bc629d916e6,566,Bentley's Pet Stuff,,,River North,61219,509 N. Lasalle Dr.,,Chicago,IL,60654,United States,41.8911558,-87.6323216,G2U-ROOFTOP,(312) 222-1012,OPEN,2017-07-26,,,Bentley's Pet Stuff,,,29.0,2025-03-24
566-6e9064d13fe52d0d547af2ff8f0f852a-28429fcf8ef38e8d7bda4bc629d916e6,566,Bentley's Pet Stuff,,,River North,108,509 N. Lasalle Dr.,,Chicago,IL,60654,United States,41.8911558,-87.6323216,G2U-ROOFTOP,(312) 222-1012,OPEN,,2020-01-03,,Bentley's Pet Stuff,,,29.0,2025-03-24
566-c70e32af101aac7d924f27c4908a82b9-99b3abf517ff4a8f9e34f5c584c0375c,566,Bentley's Pet Stuff,,,Bentley's Pet Stuff - Anderson,125969,"7474 Beechmont Ave, Unit B",,Cincinnati,OH,45255,United States,39.0739235,-84.3495646,G2S-ROOFTOP-A,(513) 901-0080,OPEN,2017-07-26,,27544.0,Bentley's Pet Stuff,,,29.0,2025-03-24
566-c70e32af101aac7d924f27c4908a82b9-99b3abf517ff4a8f9e34f5c584c0375c,566,Bentley's Pet Stuff,,,Bentley's Pet Stuff - Anderson,125969,"7474 Beechmont Ave, Unit B",,Cincinnati,OH,45255,United States,39.0739235,-84.3495646,G2S-ROOFTOP-A,(513) 901-0080,OPEN,,2019-07-16,27544.0,Bentley's Pet Stuff,,,29.0,2025-03-24
566-5a07ea3e15e67c947a54f2a30c3b5d48-85bc98124288cde53d49083038be49e9,566,Bentley's Pet Stuff,,,Bentley's Pet Stuff - Cherry Grove,125970,"442 Ohio Pike, Suite 110B",,Cincinnati,OH,45255,United States,39.0726769,-84.3119818,G2S-ROOFTOP-A,(513) 843-6508,OPEN,2017-07-26,,5589.0,Bentley's Pet Stuff,,,29.0,2025-03-24
566-5a07ea3e15e67c947a54f2a30c3b5d48-85bc98124288cde53d49083038be49e9,566,Bentley's Pet Stuff,,,Bentley's Pet Stuff - Cherry Grove,125970,"442 Ohio Pike, Suite 110B",,Cincinnati,OH,45255,United States,39.0726769,-84.3119818,G2S-ROOFTOP-A,(513) 843-6508,OPEN,,2019-07-16,5589.0,Bentley's Pet Stuff,,,29.0,2025-03-24
566-28b8028364ac90eade849218f42c3085-eefc5dd772dc99a880db8bfa55577035,566,Bentley's Pet Stuff,,,Bentley's Pet Stuff - Eastgate,462393,4530 Eastgate Blvd.,,Cincinnati,OH,45245,United States,39.1034357,-84.2715713,G2S-ROOFTOP-A,(513) 449-4352,OPEN,2017-07-26,,24758.0,Bentley's Pet Stuff,,,29.0,2025-03-24
566-28b8028364ac90eade849218f42c3085-eefc5dd772dc99a880db8bfa55577035,566,Bentley's Pet Stuff,,,Bentley's Pet Stuff - Eastgate,462393,4530 Eastgate Blvd.,,Cincinnati,OH,45245,United States,39.1034357,-84.2715713,G2S-ROOFTOP-A,(513) 449-4352,OPEN,,2019-07-16,24758.0,Bentley's Pet Stuff,,,29.0,2025-03-24
566-559887aa0f703e29fd05a93530ccf20d-4dbe50a8cd8535a14fc957c249b42ad5,566,Bentley's Pet Stuff,,,Bentley's Pet Stuff - Western Village,125968,6173 Glenway Ave,,Cincinnati,OH,45211,United States,39.143754,-84.6223057,G2S-ROOFTOP-A,(513) 952-9038,OPEN,2017-07-26,,,Bentley's Pet Stuff,,,29.0,2025-03-24
566-559887aa0f703e29fd05a93530ccf20d-4dbe50a8cd8535a14fc957c249b42ad5,566,Bentley's Pet Stuff,,,Bentley's Pet Stuff - Western Village,125968,6173 Glenway Ave,,Cincinnati,OH,45211,United States,39.143754,-84.6223057,G2S-ROOFTOP-A,(513) 952-9038,OPEN,,2019-07-16,,Bentley's Pet Stuff,,,29.0,2025-03-24
566-9fac9eacdf39fe542fb952ce723cf060-3463ab334d2c075d4c8c895d849f6b17,566,Bentley's Pet Stuff,,,CO|  Colorado Springs,396976,5627 Barnes Rd.,Shop This Locatoin!,Colorado Springs,CO,80917,United States,38.8929592,-104.7226911,G2U-ROOFTOP,,OPEN,2018-10-22,,32623.0,Bentley's Pet Stuff,,,29.0,2025-03-24
566-9fac9eacdf39fe542fb952ce723cf060-3463ab334d2c075d4c8c895d849f6b17,566,Bentley's Pet Stuff,,,CO|  Colorado Springs,14,5627 Barnes Rd.,Shop This Locatoin!,Colorado Springs,CO,80917,United States,38.8929592,-104.7226911,G2U-ROOFTOP,,OPEN,2019-01-18,2022-08-12,32623.0,Bentley's Pet Stuff,,,29.0,2025-03-24
566-11514b9c7f82a6bb50019cb4bfe8b7aa-93d5932df9a2d90ebd40bec7cdf29b31,566,Bentley's Pet Stuff,,,CO| Colorado Springs (Northgate),97614,13375 Voyager Pkwy,,Colorado Springs,CO,80234,United States,39.0257979,-104.8146833,G2U-ROOFTOP,(719) 354-0531,OPEN,2017-04-27,,58055.0,Bentley's Pet Stuff,,,29.0,2025-03-24
566-11514b9c7f82a6bb50019cb4bfe8b7aa-93d5932df9a2d90ebd40bec7cdf29b31,566,Bentley's Pet Stuff,,,CO| Colorado Springs (Northgate),12,13375 Voyager Pkwy,,Colorado Springs,CO,80234,United States,39.0257979,-104.8146833,G2U-ROOFTOP,(719) 354-0531,OPEN,,2021-05-10,58055.0,Bentley's Pet Stuff,,,29.0,2025-03-24
566-64ec702509ed55fccdfb5fea62f44c12-cb910815caccd353b64c16cc4eb11431,566,Bentley's Pet Stuff,,,Grandview - A Bentley's Pet Stuff Company,121506,1017 W 5Th Ave.,,Columbus,OH,43212,United States,39.9880699,-83.0330781,G2S-ROOFTOP-A,(614) 429-3281,OPEN,2017-07-26,,,Bentley's Pet Stuff,,,29.0,2025-03-24
566-64ec702509ed55fccdfb5fea62f44c12-cb910815caccd353b64c16cc4eb11431,566,Bentley's Pet Stuff,,,Grandview - A Bentley's Pet Stuff Company,121506,1017 W 5Th Ave.,,Columbus,OH,43212,United States,39.9880699,-83.0330781,G2S-ROOFTOP-A,(614) 429-3281,OPEN,,2019-07-16,,Bentley's Pet Stuff,,,29.0,2025-03-24
566-a153884790277ebfdbae19497278c6b8-208480a6b1381ccd92c4fde39d8c9b14,566,Bentley's Pet Stuff,,,Bentley's Pet Stuff Cottleville Landing,61238,6055 Mid Rivers Mall Drive,,Cottleville,MO,63304,United States,38.7460052,-90.6370123,ROOFTOP - AUTO,636-685-0105,OPEN,2017-04-27,,49194.0,Bentley's Pet Stuff,,,29.0,2025-03-24
566-a153884790277ebfdbae19497278c6b8-208480a6b1381ccd92c4fde39d8c9b14,566,Bentley's Pet Stuff,,,Bentley's Pet Stuff Cottleville Landing,61238,6055 Mid Rivers Mall Drive,,Cottleville,MO,63304,United States,38.7460052,-90.6370123,ROOFTOP - AUTO,636-685-0105,OPEN,,2018-01-26,49194.0,Bentley's Pet Stuff,,,29.0,2025-03-24
566-a509a859cde48b2d518a8eaa89f85da8-208480a6b1381ccd92c4fde39d8c9b14,566,Bentley's Pet Stuff,,,Cottleville Landing,61238,6053 Mid Rivers Mall Dr,,Cottleville,MO,63304,United States,38.7462775384574,-90.6369842588608,MANUAL,(636) 685-0105,OPEN,2017-07-26,,49194.0,Bentley's Pet Stuff,,,29.0,2025-03-24
566-a509a859cde48b2d518a8eaa89f85da8-208480a6b1381ccd92c4fde39d8c9b14,566,Bentley's Pet Stuff,,,Cottleville Landing,136,6053 Mid Rivers Mall Dr,,Cottleville,MO,63304,United States,38.7462775384574,-90.6369842588608,MANUAL,(636) 685-0105,OPEN,,2019-10-08,49194.0,Bentley's Pet Stuff,,,29.0,2025-03-24
566-54ef180d34ddf7f9df056ac512370021-503a03e71158de5e57b824c6feb4840d,566,Bentley's Pet Stuff,,,Bentley's Pet Stuff,24,"5300 Northwest Hwy Rt. 14, Suite 102/103",,Crystal Lake,IL,60014,United States,42.2274286,-88.3019889,G2S-ROOFTOP-A,(815) 893-4772,OPEN,2020-07-30,,3248.0,Bentley's Pet Stuff,,,29.0,2025-03-24
566-a125c311b533cf1567ee11be69229a7e-3cd5ad555ea01783f52205f477ce19ad,566,Bentley's Pet Stuff,,,Crystal Lake,61211,"5300 NW Hwy Rt. 14, Suite 102/103",,Crystal Lake,IL,60014,United States,42.2274286,-88.3019889,G2U-ROOFTOP,(815) 893-4772,OPEN,2017-04-27,,3248.0,Bentley's Pet Stuff,,,29.0,2025-03-24
566-a125c311b533cf1567ee11be69229a7e-3cd5ad555ea01783f52205f477ce19ad,566,Bentley's Pet Stuff,,,Crystal Lake,124,"5300 NW Hwy Rt. 14, Suite 102/103",,Crystal Lake,IL,60014,United States,42.2274286,-88.3019889,G2U-ROOFTOP,(815) 893-4772,OPEN,,2019-10-08,3248.0,Bentley's Pet Stuff,,,29.0,2025-03-24
566-e2905a75951ee25ba42fc03a5e2e9c05-7daa285e541c251d34f3b3a8ddd0c874,566,Bentley's Pet Stuff,,,Crystal Lake,124,102/103 Nw Hwy Rt. 14 Suite,,Crystal Lake,IL,60014,United States,42.2274286,-88.3019889,G2U-ROOFTOP,(815) 893-4772,OPEN,2019-07-16,,3248.0,Bentley's Pet Stuff,,,29.0,2025-03-24
566-e2905a75951ee25ba42fc03a5e2e9c05-7daa285e541c251d34f3b3a8ddd0c874,566,Bentley's Pet Stuff,,,Crystal Lake,124,102/103 Nw Hwy Rt. 14 Suite,,Crystal Lake,IL,60014,United States,42.2274286,-88.3019889,G2U-ROOFTOP,(815) 893-4772,OPEN,2019-10-08,2020-09-02,3248.0,Bentley's Pet Stuff,,,29.0,2025-03-24
566-efdb161c2b465c5cedd08198be82be06-17a7669ea3620882cb22b2733a9bd012,566,Bentley's Pet Stuff,,,Deerfield,516710,720 Waukegan Rd,,Deerfield,IL,60015,United States,42.165576,-87.845931,G2U-ROOFTOP,(847) 964-9163,OPEN,2018-10-22,,60884.0,Bentley's Pet Stuff,,,29.0,2025-03-24
566-efdb161c2b465c5cedd08198be82be06-17a7669ea3620882cb22b2733a9bd012,566,Bentley's Pet Stuff,,,Deerfield,196,720 Waukegan Rd,,Deerfield,IL,60015,United States,42.165576,-87.845931,G2U-ROOFTOP,(847) 964-9163,OPEN,2019-01-18,2019-10-08,60884.0,Bentley's Pet Stuff,,,29.0,2025-03-24
566-14368840783cfa213aea12c58af2e5e3-506d17b7ff54c3060ddd336fed7b9ad8,566,Bentley's Pet Stuff,,,Bentley's Pet Stuff,,2910 Golf Road,,Delafield,WI,53018,United States,43.0535558,-88.3714516,G2S-ROOFTOP-A,(262) 646-3000,OPEN,2023-04-22,,7470.0,Bentley's Pet Stuff,,,29.0,2025-03-24
566-14368840783cfa213aea12c58af2e5e3-506d17b7ff54c3060ddd336fed7b9ad8,566,Bentley's Pet Stuff,,,Bentley's Pet Stuff,,2910 Golf Road,,Delafield,WI,53018,United States,43.0535558,-88.3714516,G2S-ROOFTOP-A,(262) 646-3000,OPEN,2023-05-24,2023-12-25,7470.0,Bentley's Pet Stuff,,,29.0,2025-03-24
566-0a3a09aa4983c4f0199f65613551e28c-37f12b9204ccfb6b7515986c08741278,566,Bentley's Pet Stuff,,,WI| Delafield,61247,2910 Golf Rd.,,Delafield,WI,53018,United States,43.0535558,-88.3714516,G2U-ROOFTOP,(262) 646-3000,OPEN,2017-04-27,,7470.0,Bentley's Pet Stuff,,,29.0,2025-03-24
566-0a3a09aa4983c4f0199f65613551e28c-37f12b9204ccfb6b7515986c08741278,566,Bentley's Pet Stuff,,,WI| Delafield,48,2910 Golf Rd.,,Delafield,WI,53018,United States,43.0535558,-88.3714516,G2U-ROOFTOP,(262) 646-3000,OPEN,,2022-08-12,7470.0,Bentley's Pet Stuff,,,29.0,2025-03-24
566-2c01fd4890f171ecb3ccdaaed88ee1ad-94fd4595b46136f4b8ee65bcf43c7deb,566,Bentley's Pet Stuff,,,Bentley's Pet Stuff,189,6880 Douglas Boulevard E,,Douglasville,GA,30135,United States,33.7281016,-84.7544544,G2S-ROOFTOP-A,(404) 809-7059,OPEN,2019-04-20,,,Bentley's Pet Stuff,,,29.0,2025-03-24
566-2c01fd4890f171ecb3ccdaaed88ee1ad-94fd4595b46136f4b8ee65bcf43c7deb,566,Bentley's Pet Stuff,,,Bentley's Pet Stuff,,6880 Douglas Boulevard E,,Douglasville,GA,30135,United States,33.7281016,-84.7544544,G2S-ROOFTOP-A,(404) 809-7059,OPEN,2019-07-16,2023-12-25,,Bentley's Pet Stuff,,,29.0,2025-03-24
566-d5d45a4f391e7d2f0cf90ccbf45b4a5a-73c8fae60b62ffef6c7a01cb3464e8f1,566,Bentley's Pet Stuff,,,Bentley's Pet Stuff Downers Grove,199,1014 Ogden Avenue,,Downers Grove,IL,60515,United States,41.8090662,-88.0114668,G2S-ROOFTOP-A,(630) 324-6904,OPEN,2019-04-20,,,Bentley's Pet Stuff,,,29.0,2025-03-24
566-3fb1dc7071a3cdd5818b7b602ecff0d9-65309f3ab1d02fad1371257884d606dc,566,Bentley's Pet Stuff,,,Bentley's Pet Stuff - Dublin,396971,317 W. Bridge St.,,Dublin,OH,43017,United States,40.0980447,-83.1232835,G2S-ROOFTOP-A,(614) 389-1833,OPEN,2017-07-26,,5255.0,Bentley's Pet Stuff,,,29.0,2025-03-24
566-3fb1dc7071a3cdd5818b7b602ecff0d9-65309f3ab1d02fad1371257884d606dc,566,Bentley's Pet Stuff,,,Bentley's Pet Stuff - Dublin,396971,317 W. Bridge St.,,Dublin,OH,43017,United States,40.0980447,-83.1232835,G2S-ROOFTOP-A,(614) 389-1833,OPEN,,2019-07-16,5255.0,Bentley's Pet Stuff,,,29.0,2025-03-24
566-4fb680d5cc772e450fefc69b23231c83-2fa7430cf769a8166d991b127cd48484,566,Bentley's Pet Stuff,,,Edina,61232,7433 France Ave S.,,Edina,MN,55435,United States,44.868051,-93.3269781,G2U-ROOFTOP,(952) 831-1229,OPEN,2017-04-27,,40818.0,Bentley's Pet Stuff,,,29.0,2025-03-24
566-4fb680d5cc772e450fefc69b23231c83-2fa7430cf769a8166d991b127cd48484,566,Bentley's Pet Stuff,,,Edina,122,7433 France Ave S.,,Edina,MN,55435,United States,44.868051,-93.3269781,G2U-ROOFTOP,(952) 831-1229,OPEN,,2020-07-30,40818.0,Bentley's Pet Stuff,,,29.0,2025-03-24
566-e1ef68b4ab689304e89a98d261b91658-7ce69dd4d19115ee030cd7713f6f27fc,566,Bentley's Pet Stuff,,,Elizabeth,86802,796 E. Kiowa Avenue,,Elizabeth,CO,80107,United States,39.3605261,-104.5908814,G2S-ROOFTOP-A,(303) 646-8900,OPEN,2017-04-27,,,Bentley's Pet Stuff,,,29.0,2025-03-24
566-e1ef68b4ab689304e89a98d261b91658-7ce69dd4d19115ee030cd7713f6f27fc,566,Bentley's Pet Stuff,,,Elizabeth,152,796 E. Kiowa Avenue,,Elizabeth,CO,80107,United States,39.3605261,-104.5908814,G2S-ROOFTOP-A,(303) 646-8900,OPEN,,2020-07-30,,Bentley's Pet Stuff,,,29.0,2025-03-24
566-826038d5d26dcc26ea8e48782a5c18ed-d5e771a1ef79ef2c4da5c8e0f41291b7,566,Bentley's Pet Stuff,,,Bentley's Pet Stuff,26,"624 N York Street, Unit B",,Elmhurst,IL,60126,United States,41.9186783,-87.9402969,G2B-ROOFTOP,(630) 359-3685,OPEN,2020-09-02,,,Bentley's Pet Stuff,,,29.0,2025-03-24
566-826038d5d26dcc26ea8e48782a5c18ed-d5e771a1ef79ef2c4da5c8e0f41291b7,566,Bentley's Pet Stuff,,,Bentley's Pet Stuff,,"624 N York Street, Unit B",,Elmhurst,IL,60126,United States,41.9186783,-87.9402969,G2B-ROOFTOP,(630) 359-3685,OPEN,2020-10-25,2023-10-14,,Bentley's Pet Stuff,,,29.0,2025-03-24
566-ef02a45d020a540759a39ebb07ad613f-2a159b085be849eb8d07e7450b42a321,566,Bentley's Pet Stuff,,,Elmhurst,61221,"624 N York St., Unit B",,Elmhurst,IL,60126,United States,41.9185657,-87.9403072,G2S-ROOFTOP-A,(630) 359-3685,OPEN,2017-04-27,,,Bentley's Pet Stuff,,,29.0,2025-03-24
566-ef02a45d020a540759a39ebb07ad613f-2a159b085be849eb8d07e7450b42a321,566,Bentley's Pet Stuff,,,Elmhurst,133,"624 N York St., Unit B",,Elmhurst,IL,60126,United States,41.9185657,-87.9403072,G2S-ROOFTOP-A,(630) 359-3685,OPEN,,2020-07-30,,Bentley's Pet Stuff,,,29.0,2025-03-24
566-b181d69d2a3ac32ffb3aab99249a951b-b34a428cc5edc27b6da84cea60d4f6cf,566,Bentley's Pet Stuff,,,Bentley's Pet Stuff Evanston,61209,743 Chicago Avenue,,Evanston,IL,60202,United States,42.0316346,-87.6786445,G2S-ROOFTOP-A,(224) 307-2906,OPEN,2017-04-27,,,Bentley's Pet Stuff,,,29.0,2025-03-24
566-d5fc905b5976a152b8a869a4a6f751a0-428d29dc00491b3cbfc3d3a63a181cae,566,Bentley's Pet Stuff,,,Bentley's Pet Stuff,61228,400 Water Street,,Excelsior,MN,55331,United States,44.9011255,-93.5690184,G2S-ROOFTOP-A,(952) 855-4329,OPEN,2017-04-27,,,Bentley's Pet Stuff,,,29.0,2025-03-24
566-d5fc905b5976a152b8a869a4a6f751a0-428d29dc00491b3cbfc3d3a63a181cae,566,Bentley's Pet Stuff,,,Bentley's Pet Stuff,,400 Water Street,,Excelsior,MN,55331,United States,44.9011255,-93.5690184,G2S-ROOFTOP-A,(952) 855-4329,OPEN,,2023-12-25,,Bentley's Pet Stuff,,,29.0,2025-03-24
566-68523edd3eec98902cf46965ce857499-51b8ba63d79df9c6e13f2e8e7bc89e61,566,Bentley's Pet Stuff,,,Bentley's Pet Stuff - Florence,233423,4973 Houston Rd,,Florence,KY,41042,United States,39.0155171,-84.639941,G2S-ROOFTOP-A,(859) 918-1108,OPEN,2017-04-27,,528.0,Bentley's Pet Stuff,,,29.0,2025-03-24
566-68523edd3eec98902cf46965ce857499-51b8ba63d79df9c6e13f2e8e7bc89e61,566,Bentley's Pet Stuff,,,Bentley's Pet Stuff - Florence,233423,4973 Houston Rd,,Florence,KY,41042,United States,39.0155171,-84.639941,G2S-ROOFTOP-A,(859) 918-1108,OPEN,,2019-07-16,528.0,Bentley's Pet Stuff,,,29.0,2025-03-24
566-e9fcae4069559d1fdf31f0787ee31e87-a80795e36d049aa935623b16428230ad,566,Bentley's Pet Stuff,,,Bentley's Pet Stuff Fort Collins,61203,"2721 Council Tree Ave, #113",,Fort Collins,CO,80525,United States,40.5251207,-105.0260583,SUBPREMISE: ROOFTOP,(970) 672-8324,OPEN,2017-04-27,,8868.0,Bentley's Pet Stuff,,,29.0,2025-03-24
566-e9fcae4069559d1fdf31f0787ee31e87-a80795e36d049aa935623b16428230ad,566,Bentley's Pet Stuff,,,Bentley's Pet Stuff Fort Collins,61203,"2721 Council Tree Ave, #113",,Fort Collins,CO,80525,United States,40.5251207,-105.0260583,SUBPREMISE: ROOFTOP,(970) 672-8324,OPEN,,2018-01-26,8868.0,Bentley's Pet Stuff,,,29.0,2025-03-24
566-ad51ba85f14a25cedb4ef336c950dc1f-a80795e36d049aa935623b16428230ad,566,Bentley's Pet Stuff,,,Bentley's Pet Stuff Fort Collins,61203,"2721 Council Tree Ave, #113",,Fort Collins,CO,80528,United States,40.525133,-105.0262006,G2S-ROOFTOP-A,(970) 672-8324,OPEN,2017-07-26,,8868.0,Bentley's Pet Stuff,,,29.0,2025-03-24
566-ad51ba85f14a25cedb4ef336c950dc1f-a80795e36d049aa935623b16428230ad,566,Bentley's Pet Stuff,,,Bentley's Pet Stuff Fort Collins,61203,"2721 Council Tree Ave, #113",,Fort Collins,CO,80528,United States,40.525133,-105.0262006,G2S-ROOFTOP-A,(970) 672-8324,OPEN,,2019-07-16,8868.0,Bentley's Pet Stuff,,,29.0,2025-03-24
566-40c3e16afdf60ef7ebc00f75c814c7a7-632ded95e99371559518ab0984aaa65d,566,Bentley's Pet Stuff,,,Bentley's Pet Stuff Fox Point,61245,8663 B N. Port Washington Rd,,Fox Point,WI,53217,United States,43.1744612,-87.9135978,G2S-ROOFTOP-A,(414) 797-4628,OPEN,2017-04-27,,9858.0,Bentley's Pet Stuff,,,29.0,2025-03-24
566-40c3e16afdf60ef7ebc00f75c814c7a7-632ded95e99371559518ab0984aaa65d,566,Bentley's Pet Stuff,,,Bentley's Pet Stuff Fox Point,61245,8663 B N. Port Washington Rd,,Fox Point,WI,53217,United States,43.1744612,-87.9135978,G2S-ROOFTOP-A,(414) 797-4628,OPEN,,2019-07-16,9858.0,Bentley's Pet Stuff,,,29.0,2025-03-24
566-069eb8746880b9c3f3083a067b92d4a3-ff6b978524ec8896815dde4115d117f5,566,Bentley's Pet Stuff,,,Bentley's Pet Stuff,61212,21 South Ash Street,,Frankfort,IL,60423,United States,41.4981329,-87.8497473,G2S-ROOFTOP-A,(815) 806-8081,OPEN,2017-04-27,,,Bentley's Pet Stuff,,,29.0,2025-03-24
566-f3bab7d915772a95d3a2e017242acc5f-06d691c1ae426be78c7da0ebb96db043,566,Bentley's Pet Stuff,,,Bentley's Pet Stuff,61217,69 Waukegan Road,,Glenview,IL,60025,United States,42.0570102,-87.7978890999999,G2U-ROOFTOP,(847) 729-7297,OPEN,2017-04-27,,13525.0,Bentley's Pet Stuff,,,29.0,2025-03-24
566-f3bab7d915772a95d3a2e017242acc5f-06d691c1ae426be78c7da0ebb96db043,566,Bentley's Pet Stuff,,,Bentley's Pet Stuff,,69 Waukegan Road,,Glenview,IL,60025,United States,42.0570102,-87.7978890999999,G2U-ROOFTOP,(847) 729-7297,OPEN,,2023-10-14,13525.0,Bentley's Pet Stuff,,,29.0,2025-03-24
566-d9f44215ddba69988cbaf02d36e5c19d-d73ad7fc60aabc41073b819412432a63,566,Bentley's Pet Stuff,,,"Your neighborhood pet store, helping pets live their longest and best life",100334,1530 Port Washington Rd.,,Grafton,WI,53024,United States,43.3150217,-87.9244823,G2U-ROOFTOP,,OPEN,2017-04-27,,17585.0,Bentley's Pet Stuff,,,29.0,2025-03-24
566-d9f44215ddba69988cbaf02d36e5c19d-d73ad7fc60aabc41073b819412432a63,566,Bentley's Pet Stuff,,,"Your neighborhood pet store, helping pets live their longest and best life",,1530 Port Washington Rd.,,Grafton,WI,53024,United States,43.3150217,-87.9244823,G2U-ROOFTOP,,OPEN,,2022-12-19,17585.0,Bentley's Pet Stuff,,,29.0,2025-03-24
566-320b57694179dc495a661356b4318b7d-f4030a97bf34ada45901970f31f55499,566,Bentley's Pet Stuff,,,Bentley's Pet Stuff Greeley,61202,"4626 Centerplace Drive, #142",,Greeley,CO,80634,United States,40.3948646,-104.7540587,G2S-ROOFTOP-A,(970) 515-5030,OPEN,2017-04-27,,28473.0,Bentley's Pet Stuff,,,29.0,2025-03-24
566-320b57694179dc495a661356b4318b7d-f4030a97bf34ada45901970f31f55499,566,Bentley's Pet Stuff,,,Bentley's Pet Stuff Greeley,61202,"4626 Centerplace Drive, #142",,Greeley,CO,80634,United States,40.3948646,-104.7540587,G2S-ROOFTOP-A,(970) 515-5030,OPEN,,2019-07-16,28473.0,Bentley's Pet Stuff,,,29.0,2025-03-24
566-bfd0110b6b2c1e312bcb8cd36cb104fe-b0b57a1de1031e3e126c505c202db606,566,Bentley's Pet Stuff,,,Bentley's Pet Stuff Greenwood Village,61195,"8501 East Arapahoe Rd, Suite B",,Greewood Village,CO,80111,United States,39.5956359,-104.8930233,ROOFTOP,(720) 482-8222,OPEN,2017-04-27,,19513.0,Bentley's Pet Stuff,,,29.0,2025-03-24
566-bfd0110b6b2c1e312bcb8cd36cb104fe-b0b57a1de1031e3e126c505c202db606,566,Bentley's Pet Stuff,,,Bentley's Pet Stuff Greenwood Village,61195,"8501 East Arapahoe Rd, Suite B",,Greewood Village,CO,80111,United States,39.5956359,-104.8930233,ROOFTOP,(720) 482-8222,OPEN,,2018-01-26,19513.0,Bentley's Pet Stuff,,,29.0,2025-03-24
566-08e5225497672d318d50851d2fad1925-00c27f2c37c26c4325b1a78b20017e80,566,Bentley's Pet Stuff,,,Bentley's Pet Stuff - IL | Hoffman Estates,61214,2569 W Golf Rd,,Hoffman Estates,IL,60169,United States,42.0452672,-88.1422414,G2S-ROOFTOP-A,,OPEN,2017-04-27,,35573.0,Bentley's Pet Stuff,,,29.0,2025-03-24
566-08e5225497672d318d50851d2fad1925-00c27f2c37c26c4325b1a78b20017e80,566,Bentley's Pet Stuff,,,Bentley's Pet Stuff - IL | Hoffman Estates,,2569 W Golf Rd,,Hoffman Estates,IL,60169,United States,42.0452672,-88.1422414,G2S-ROOFTOP-A,,OPEN,,2022-12-19,35573.0,Bentley's Pet Stuff,,,29.0,2025-03-24
566-2dfac8b6abd044c6d21b3d3c5ef1c5af-12ef0e197b4eecb747d1d03bc25f329e,566,Bentley's Pet Stuff,,,Bentley's Pet Stuff Hudson,61251,1051 Pearson Drive,,Hudson,WI,54016,United States,44.958649,-92.720847,G2S-ROOFTOP-A,(715) 808-0199,OPEN,2017-04-27,,,Bentley's Pet Stuff,,,29.0,2025-03-24
566-2dfac8b6abd044c6d21b3d3c5ef1c5af-12ef0e197b4eecb747d1d03bc25f329e,566,Bentley's Pet Stuff,,,Bentley's Pet Stuff Hudson,61251,1051 Pearson Drive,,Hudson,WI,54016,United States,44.958649,-92.720847,G2S-ROOFTOP-A,(715) 808-0199,OPEN,,2019-07-16,,Bentley's Pet Stuff,,,29.0,2025-03-24
566-99cabc61ea376357ef624ecc180194fc-23d6be90dd55fa5435364945ea6d72b9,566,Bentley's Pet Stuff,,,CA| Earthwise Pet Supply & Grooming Huntington Beach,69,8901 Atlanta Ave,,Huntington Beach,CA,92646,United States,33.6587294,-117.972755,G2U-ROOFTOP,(675) 204-2840,OPEN,2021-09-21,,24928.0,Bentley's Pet Stuff,,,29.0,2025-03-24
566-99cabc61ea376357ef624ecc180194fc-23d6be90dd55fa5435364945ea6d72b9,566,Bentley's Pet Stuff,,,CA| Earthwise Pet Supply & Grooming Huntington Beach,69,8901 Atlanta Ave,,Huntington Beach,CA,92646,United States,33.6587294,-117.972755,G2U-ROOFTOP,(675) 204-2840,OPEN,2021-10-29,2022-08-12,24928.0,Bentley's Pet Stuff,,,29.0,2025-03-24
566-0fd5578f7f232e855d0c3175c6ed7b42-224e6e3f2559663ecf4f919f0a806c4d,566,Bentley's Pet Stuff,,,Earthwise Pet Supply & Grooming,,8901 Atlanta Avenue,,Huntington Beach,CA,92646,United States,33.6587403,-117.9727661,G2S-ROOFTOP-A,(657) 204-2840,OPEN,2023-04-22,,24928.0,Bentley's Pet Stuff,,,29.0,2025-03-24
566-41e99a83d1f989308501d3fe05c1c835-4136ed6e2af875ea1a8bc2e5e4a72837,566,Bentley's Pet Stuff,,,Bentley's Pet Stuff Lincoln Park,61226,2210 N. Halsted Chicago,,Il,Chicago,60602,United States,41.922207,-87.6488947,ROOFTOP,773-904-7040,OPEN,2017-04-27,,,Bentley's Pet Stuff,,,29.0,2025-03-24
566-41e99a83d1f989308501d3fe05c1c835-4136ed6e2af875ea1a8bc2e5e4a72837,566,Bentley's Pet Stuff,,,Bentley's Pet Stuff Lincoln Park,61226,2210 N. Halsted Chicago,,Il,Chicago,60602,United States,41.922207,-87.6488947,ROOFTOP,773-904-7040,OPEN,,2018-01-26,,Bentley's Pet Stuff,,,29.0,2025-03-24
566-2014851705270b6a2573d8eed72538c6-fc92557c6baab3939235e6b8d63c5faf,566,Bentley's Pet Stuff,,,Bentley's Pet Stuff - Willow Lake Indianapolis,263784,2902 W. 86th St. Suite 60,,Indiana,United,46268,United States,39.9125246,-86.2118371999999,ROOFTOP,317-661-3683,OPEN,2017-04-27,,18777.0,Bentley's Pet Stuff,,,29.0,2025-03-24
566-2014851705270b6a2573d8eed72538c6-fc92557c6baab3939235e6b8d63c5faf,566,Bentley's Pet Stuff,,,Bentley's Pet Stuff - Willow Lake Indianapolis,263784,2902 W. 86th St. Suite 60,,Indiana,United,46268,United States,39.9125246,-86.2118371999999,ROOFTOP,317-661-3683,OPEN,,2018-01-26,18777.0,Bentley's Pet Stuff,,,29.0,2025-03-24
566-1a8e39a35a8f1b47455c4277a7f19053-fc92557c6baab3939235e6b8d63c5faf,566,Bentley's Pet Stuff,,,Bentley's Pet Stuff - Willow Lake Indianapolis,263784,"2902 W. 86Th St., Suite 60",,Indiana,IN,46268,United States,39.9125491,-86.2112005,G2S-ROOFTOP-A,(317) 661-3683,OPEN,2017-07-26,,18777.0,Bentley's Pet Stuff,,,29.0,2025-03-24
566-1a8e39a35a8f1b47455c4277a7f19053-fc92557c6baab3939235e6b8d63c5faf,566,Bentley's Pet Stuff,,,Bentley's Pet Stuff - Willow Lake Indianapolis,263784,"2902 W. 86Th St., Suite 60",,Indiana,IN,46268,United States,39.9125491,-86.2112005,G2S-ROOFTOP-A,(317) 661-3683,OPEN,,2019-07-16,18777.0,Bentley's Pet Stuff,,,29.0,2025-03-24
566-a9ff6f016d3de80174f00af4063a8c00-aac55d0cb22ae3382872782c25737e5d,566,Bentley's Pet Stuff,,,2 Paws 4 U Bakery & Treats,225,1504 Essington Road,,Joliet,IL,60435,United States,41.5494661,-88.1603181,G2S-ROOFTOP-A,(815) 782-4184,OPEN,2019-11-04,,,Bentley's Pet Stuff,,,29.0,2025-03-24
566-a9ff6f016d3de80174f00af4063a8c00-aac55d0cb22ae3382872782c25737e5d,566,Bentley's Pet Stuff,,,2 Paws 4 U Bakery & Treats,,1504 Essington Road,,Joliet,IL,60435,United States,41.5494661,-88.1603181,G2S-ROOFTOP-A,(815) 782-4184,OPEN,2019-12-09,2023-12-25,,Bentley's Pet Stuff,,,29.0,2025-03-24
566-a337af8d478b35bbc8a8a78946d038f0-62f467a547c8c9a06a72a25508ce0e0c,566,Bentley's Pet Stuff,,,"MT| Dee-O-Gee Kalispell, MT",67,"635 Treeline Rd, Ste 2",,Kalispell,MT,59901,United States,48.2342595,-114.340869,G2S-ROOFTOP-A,,OPEN,2021-05-10,,,Bentley's Pet Stuff,,,29.0,2025-03-24
566-a337af8d478b35bbc8a8a78946d038f0-62f467a547c8c9a06a72a25508ce0e0c,566,Bentley's Pet Stuff,,,"MT| Dee-O-Gee Kalispell, MT",67,"635 Treeline Rd, Ste 2",,Kalispell,MT,59901,United States,48.2342595,-114.340869,G2S-ROOFTOP-A,,OPEN,2021-06-28,2022-08-12,,Bentley's Pet Stuff,,,29.0,2025-03-24
566-a054cbf6ae3c7e912b3437efb5d7dd30-a74d0ed9e7e478ab1110c2f54de25896,566,Bentley's Pet Stuff,,,Shoal Creek,396942,8752 NE 82nd Terrace,,Kansas City,MO,64158,United States,39.2436586,-94.4746978,G2S-ROOFTOP-A,(816) 214-5150,OPEN,2017-07-26,,63624.0,Bentley's Pet Stuff,,,29.0,2025-03-24
566-a054cbf6ae3c7e912b3437efb5d7dd30-a74d0ed9e7e478ab1110c2f54de25896,566,Bentley's Pet Stuff,,,Shoal Creek,191,8752 NE 82nd Terrace,,Kansas City,MO,64158,United States,39.2436586,-94.4746978,G2S-ROOFTOP-A,(816) 214-5150,OPEN,,2019-10-08,63624.0,Bentley's Pet Stuff,,,29.0,2025-03-24
566-b32cdb09596ef8724d08e0c5a4d00af5-53833f977a971e121690fe72d3253672,566,Bentley's Pet Stuff,,,Tremont Square,396975,6312 N Chatham Ave,,Kansas City,MO,64151,United States,39.209505,-94.6457615,G2U-ROOFTOP,(816) 569-5801,OPEN,2018-10-22,,1892.0,Bentley's Pet Stuff,,,29.0,2025-03-24
566-b32cdb09596ef8724d08e0c5a4d00af5-53833f977a971e121690fe72d3253672,566,Bentley's Pet Stuff,,,Tremont Square,192,6312 N Chatham Ave,,Kansas City,MO,64151,United States,39.209505,-94.6457615,G2U-ROOFTOP,(816) 569-5801,OPEN,2019-01-18,2019-10-08,1892.0,Bentley's Pet Stuff,,,29.0,2025-03-24
566-f209f22e2fd3be92db3c911ced90b63a-70b418d1efff3b1a4e7cbcb30a28c87d,566,Bentley's Pet Stuff,,,Kirkwood,61239,1048 S Kirkwood Rd,,Kirkwood,MO,63122,United States,38.5639778,-90.4044744,G2U-ROOFTOP,(314) 984-0222,OPEN,2017-04-27,,333.0,Bentley's Pet Stuff,,,29.0,2025-03-24
566-f209f22e2fd3be92db3c911ced90b63a-70b418d1efff3b1a4e7cbcb30a28c87d,566,Bentley's Pet Stuff,,,Kirkwood,137,1048 S Kirkwood Rd,,Kirkwood,MO,63122,United States,38.5639778,-90.4044744,G2U-ROOFTOP,(314) 984-0222,OPEN,,2019-10-08,333.0,Bentley's Pet Stuff,,,29.0,2025-03-24
566-5b8016094616e8d37439b408c560fe9c-3c8c943a49b6719d4854c53c9975a420,566,Bentley's Pet Stuff,,,Bentley's Pet Stuff,61213,529 N. Milwaukee Avenue,,Libertyville,IL,60048,United States,42.288368,-87.9550180999999,G2U-ROOFTOP,(847) 247-6990,OPEN,2017-04-27,,,Bentley's Pet Stuff,,,29.0,2025-03-24
566-5b8016094616e8d37439b408c560fe9c-3c8c943a49b6719d4854c53c9975a420,566,Bentley's Pet Stuff,,,Bentley's Pet Stuff,,529 N. Milwaukee Avenue,,Libertyville,IL,60048,United States,42.288368,-87.9550180999999,G2U-ROOFTOP,(847) 247-6990,OPEN,,2023-12-25,,Bentley's Pet Stuff,,,29.0,2025-03-24
566-b6de221ccad1658816eba620121d4541-559dbfdcfa3684405bb04626327ba1c0,566,Bentley's Pet Stuff,,,Bentley's Pet Stuff - Littleton Coal Mine,114069,6688 West Coal Mine Ave,,Littleton,CO,80128,United States,39.5938757,-105.0703636,G2S-ROOFTOP-A,(303) 379-9024,OPEN,2017-04-27,,44851.0,Bentley's Pet Stuff,,,29.0,2025-03-24
566-b6de221ccad1658816eba620121d4541-559dbfdcfa3684405bb04626327ba1c0,566,Bentley's Pet Stuff,,,Bentley's Pet Stuff - Littleton Coal Mine,114069,6688 West Coal Mine Ave,,Littleton,CO,80128,United States,39.5938757,-105.0703636,G2S-ROOFTOP-A,(303) 379-9024,OPEN,,2019-07-16,44851.0,Bentley's Pet Stuff,,,29.0,2025-03-24
566-502d93a2b8bbf6cfc18155d80bdd6db6-8661262970d382e79f0ed67f85ddf88f,566,Bentley's Pet Stuff,,,Bentley's Pet Stuff Littleton Columbine Knolls,61197,8176 S Wadsworth Blvd #C,,Littleton,CO,80128,United States,39.5680673,-105.0799233,G2S-GEOMETRIC_CENTER-A,(720) 458-6630,OPEN,2017-07-26,,35604.0,Bentley's Pet Stuff,,,29.0,2025-03-24
566-502d93a2b8bbf6cfc18155d80bdd6db6-8661262970d382e79f0ed67f85ddf88f,566,Bentley's Pet Stuff,,,Bentley's Pet Stuff Littleton Columbine Knolls,61197,8176 S Wadsworth Blvd #C,,Littleton,CO,80128,United States,39.5680673,-105.0799233,G2S-GEOMETRIC_CENTER-A,(720) 458-6630,OPEN,,2019-07-16,35604.0,Bentley's Pet Stuff,,,29.0,2025-03-24
566-0e5a559743c7b70f4cc08d8c657e2ec1-bd42729db5e2f74160c02b5041736376,566,Bentley's Pet Stuff,,,Highlands Ranch,97612,2000 County Line Road,,Littleton,CO,80126,United States,39.5652165188822,-104.962648484655,MANUAL,(720) 492-2908,OPEN,2017-04-27,,33029.0,Bentley's Pet Stuff,,,29.0,2025-03-24
566-0e5a559743c7b70f4cc08d8c657e2ec1-bd42729db5e2f74160c02b5041736376,566,Bentley's Pet Stuff,,,Highlands Ranch,160,2000 County Line Road,,Littleton,CO,80126,United States,39.5652165188822,-104.962648484655,MANUAL,(720) 492-2908,OPEN,,2019-10-08,33029.0,Bentley's Pet Stuff,,,29.0,2025-03-24
566-17955ea387e593b9aa5607dd66076df2-26218325b07545ed9e3ff2fb2b51204c,566,Bentley's Pet Stuff,,,Bentley's Pet Stuff,61204,"4196 IL Rt. 83, Unit D",,Long Grove,IL,60047,United States,42.1817539,-87.9888472999999,G2U-ROOFTOP,(847) 793-0500,OPEN,2017-04-27,,49166.0,Bentley's Pet Stuff,,,29.0,2025-03-24
566-b497064ed3a8ec67595235780bad75b6-0c81cecc3a84e6f86f9b950f605efde2,566,Bentley's Pet Stuff,,,Bentley's Pet Stuff - WI | Menomonee Falls,61244,N95 W18397 County Line Rd,,Menomonee Falls,WI,53051,United States,43.1900622,-88.1377172,G2U-ROOFTOP,,OPEN,2017-04-27,,71819.0,Bentley's Pet Stuff,,,29.0,2025-03-24
566-b497064ed3a8ec67595235780bad75b6-0c81cecc3a84e6f86f9b950f605efde2,566,Bentley's Pet Stuff,,,Bentley's Pet Stuff - WI | Menomonee Falls,,N95 W18397 County Line Rd,,Menomonee Falls,WI,53051,United States,43.1900622,-88.1377172,G2U-ROOFTOP,,OPEN,,2022-11-24,71819.0,Bentley's Pet Stuff,,,29.0,2025-03-24
566-8c3383beb13859cd83cc654307a00fb0-577996eb57ca0d3c1526032163e4ad5d,566,Bentley's Pet Stuff,,,Bentley's Pet Stuff,61249,2532 E Oklahoma Avenue,,Milwaukee,WI,53207,United States,42.988296,-87.877203,G2S-ROOFTOP-A,(414) 482-7387,OPEN,2017-04-27,,,Bentley's Pet Stuff,,,29.0,2025-03-24
566-c09065a619e80172aed967d0d38d08db-a7b31dd5746daa0faaecf27420da5330,566,Bentley's Pet Stuff,,,Bentley's Pet Stuff Uptown,61231,1439 West Lake Street,,Minneapolis,MN,55408,United States,44.9481474,-93.2993918,G2S-ROOFTOP-A,(612) 345-7638,OPEN,2017-04-27,,,Bentley's Pet Stuff,,,29.0,2025-03-24
566-c09065a619e80172aed967d0d38d08db-a7b31dd5746daa0faaecf27420da5330,566,Bentley's Pet Stuff,,,Bentley's Pet Stuff Uptown,61231,1439 West Lake Street,,Minneapolis,MN,55408,United States,44.9481474,-93.2993918,G2S-ROOFTOP-A,(612) 345-7638,OPEN,,2019-07-16,,Bentley's Pet Stuff,,,29.0,2025-03-24
566-42da3deba5398c8152f4c196bbed819e-9768340d527cc973e66ea94b90f0b5c9,566,Bentley's Pet Stuff,,,Boulevard Commons,91946,"5315 Lyndale Ave S, Suite C2",,Minneapolis,MN,55419,United States,44.9060745,-93.2880305,G2U-ROOFTOP,(612) 315-4346,OPEN,2017-04-27,,,Bentley's Pet Stuff,,,29.0,2025-03-24
566-42da3deba5398c8152f4c196bbed819e-9768340d527cc973e66ea94b90f0b5c9,566,Bentley's Pet Stuff,,,Boulevard Commons,144,"5315 Lyndale Ave S, Suite C2",,Minneapolis,MN,55419,United States,44.9060745,-93.2880305,G2U-ROOFTOP,(612) 315-4346,OPEN,,2020-01-03,,Bentley's Pet Stuff,,,29.0,2025-03-24
566-975f50d3a41ab8aa94a5e794b5dad496-eb08463fb02d8d0017dc285b41ff708a,566,Bentley's Pet Stuff,,,"MT| Dee-O-Gee, Missoula, MT",68,"3275 N. Reserve St, Ste G",,Missoula,MT,59808,United States,46.8945261,-114.0411103,G2U-ROOFTOP,,OPEN,2021-05-10,,8088.0,Bentley's Pet Stuff,,,29.0,2025-03-24
566-975f50d3a41ab8aa94a5e794b5dad496-eb08463fb02d8d0017dc285b41ff708a,566,Bentley's Pet Stuff,,,"MT| Dee-O-Gee, Missoula, MT",68,"3275 N. Reserve St, Ste G",,Missoula,MT,59808,United States,46.8945261,-114.0411103,G2U-ROOFTOP,,OPEN,2021-06-28,2022-08-12,8088.0,Bentley's Pet Stuff,,,29.0,2025-03-24
566-26e9cbcff12dde7aff2e8ac15da95768-3bb2e45da377f485906e13f67d50ae49,566,Bentley's Pet Stuff,,,Bentley's Pet Stuff,57,3701 S. Moorland Road,,New Berlin,WI,53151,United States,42.9773286,-88.1090218,G2U-ROOFTOP,(262) 505-6566,OPEN,2020-09-02,,,Bentley's Pet Stuff,,,29.0,2025-03-24
566-26e9cbcff12dde7aff2e8ac15da95768-3bb2e45da377f485906e13f67d50ae49,566,Bentley's Pet Stuff,,,Bentley's Pet Stuff,,3701 S. Moorland Road,,New Berlin,WI,53151,United States,42.9773286,-88.1090218,G2U-ROOFTOP,(262) 505-6566,OPEN,2020-10-25,2023-08-23,,Bentley's Pet Stuff,,,29.0,2025-03-24
566-e83064722f6f32282261e30a78b7f309-c14144fec523f358fa3a62309dab0b35,566,Bentley's Pet Stuff,,,New Berlin,61246,3701 S. Moorland Road,,New Berlin,WI,53151,United States,42.9773312,-88.1090233,G2S-ROOFTOP-A,(262) 505-6566,OPEN,2017-04-27,,,Bentley's Pet Stuff,,,29.0,2025-03-24
566-e83064722f6f32282261e30a78b7f309-c14144fec523f358fa3a62309dab0b35,566,Bentley's Pet Stuff,,,New Berlin,154,3701 S. Moorland Road,,New Berlin,WI,53151,United States,42.9773312,-88.1090233,G2S-ROOFTOP-A,(262) 505-6566,OPEN,,2020-07-30,,Bentley's Pet Stuff,,,29.0,2025-03-24
566-0baad79dc5d4b3aa79b02255d94d0efa-1f7666a18c1ce625fbfe74efab34b3ba,566,Bentley's Pet Stuff,,,GA| Pooch N' Paws Peachtree,60,Peachtree Corners GA 30092,,Norcross,GA,30092,United States,33.9790412,-84.2195390999999,G2U-ROOFTOP,(770) 446-6672,OPEN,2021-05-10,,794.0,Bentley's Pet Stuff,,,29.0,2025-03-24
566-0baad79dc5d4b3aa79b02255d94d0efa-1f7666a18c1ce625fbfe74efab34b3ba,566,Bentley's Pet Stuff,,,GA| Pooch N' Paws Peachtree,60,Peachtree Corners GA 30092,,Norcross,GA,30092,United States,33.9790412,-84.2195390999999,G2U-ROOFTOP,(770) 446-6672,OPEN,2021-06-28,2021-08-23,794.0,Bentley's Pet Stuff,,,29.0,2025-03-24
566-ae02417aeae47f449492649040c7a7d4-74f687bb3cfd7fac7e35fe612713870e,566,Bentley's Pet Stuff,,,Bentley's Pet Stuff O'Fallon,61243,2285 Hwy K,,O'Fallon,MO,63368,United States,38.7781693,-90.7007709,G2S-ROOFTOP-A,(636) 240-0222,OPEN,2017-04-27,,38551.0,Bentley's Pet Stuff,,,29.0,2025-03-24
566-ae02417aeae47f449492649040c7a7d4-74f687bb3cfd7fac7e35fe612713870e,566,Bentley's Pet Stuff,,,Bentley's Pet Stuff O'Fallon,61243,2285 Hwy K,,O'Fallon,MO,63368,United States,38.7781693,-90.7007709,G2S-ROOFTOP-A,(636) 240-0222,OPEN,,2019-07-16,38551.0,Bentley's Pet Stuff,,,29.0,2025-03-24
566-152200c56ce900b89ad0a2912c53f3d5-b51da1096c286a295a6981fc501e1426,566,Bentley's Pet Stuff,,,Bentley's Pet Stuff,396821,"7940 S 6th Street, Suite 103",,Oak Creek,WI,53154,United States,42.9009897,-87.9191925,G2U-ROOFTOP,(414) 301-5645,OPEN,2017-04-27,,,Bentley's Pet Stuff,,,29.0,2025-03-24
566-4dd1e6c65b54cfc18ea4b05e6c301b33-cb910815caccd353b64c16cc4eb11431,566,Bentley's Pet Stuff,,,Grandview - A Bentley's Pet Stuff Company,121506,1017 W 5th Ave. Columbus,,Ohio,United,43212,United States,39.98808,-83.0331425,ROOFTOP - AUTO,(614) 429-3281,OPEN,2017-04-27,,,Bentley's Pet Stuff,,,29.0,2025-03-24
566-4dd1e6c65b54cfc18ea4b05e6c301b33-cb910815caccd353b64c16cc4eb11431,566,Bentley's Pet Stuff,,,Grandview - A Bentley's Pet Stuff Company,121506,1017 W 5th Ave. Columbus,,Ohio,United,43212,United States,39.98808,-83.0331425,ROOFTOP - AUTO,(614) 429-3281,OPEN,,2018-01-26,,Bentley's Pet Stuff,,,29.0,2025-03-24
566-f89305e2b1991db0af1152e20d13de58-f1efec4492c51bbb694a99281e528edd,566,Bentley's Pet Stuff,,,Bentley's Pet Stuff - Olathe,233422,14909 W 119Th St,,Olathe,KS,66062,United States,38.9111546,-94.7582991,G2S-ROOFTOP-A,(913) 839-8179,OPEN,2017-04-27,,33937.0,Bentley's Pet Stuff,,,29.0,2025-03-24
566-f89305e2b1991db0af1152e20d13de58-f1efec4492c51bbb694a99281e528edd,566,Bentley's Pet Stuff,,,Bentley's Pet Stuff - Olathe,233422,14909 W 119Th St,,Olathe,KS,66062,United States,38.9111546,-94.7582991,G2S-ROOFTOP-A,(913) 839-8179,OPEN,,2019-07-16,33937.0,Bentley's Pet Stuff,,,29.0,2025-03-24
566-54598d85d32dd53369e51234b65d88a5-aeba7d2a814028958cef71571c03b910,566,Bentley's Pet Stuff,,,FL| Munchies Natural Pet Oldsmar Florida,62,"3705 Tampa Road, #11",,Oldsmar,FL,34677,United States,28.0454803,-82.678259,G2S-ROOFTOP-A,(813) 925-0449,OPEN,2021-05-10,,33974.0,Bentley's Pet Stuff,,,29.0,2025-03-24
566-54598d85d32dd53369e51234b65d88a5-aeba7d2a814028958cef71571c03b910,566,Bentley's Pet Stuff,,,FL| Munchies Natural Pet Oldsmar Florida,62,"3705 Tampa Road, #11",,Oldsmar,FL,34677,United States,28.0454803,-82.678259,G2S-ROOFTOP-A,(813) 925-0449,OPEN,2021-06-28,2022-08-12,33974.0,Bentley's Pet Stuff,,,29.0,2025-03-24
566-5c500339257de9de5569afea3d8d41b1-3ca094107348641a612d2fe64c1553a2,566,Bentley's Pet Stuff,,,Olivette,61237,"9200 Olive Blvd, Suite 112",,Olivette,MO,63132,United States,38.6734416881093,-90.367393583992,MANUAL,(314) 801-7221,OPEN,2017-04-27,,,Bentley's Pet Stuff,,,29.0,2025-03-24
566-5c500339257de9de5569afea3d8d41b1-3ca094107348641a612d2fe64c1553a2,566,Bentley's Pet Stuff,,,Olivette,135,"9200 Olive Blvd, Suite 112",,Olivette,MO,63132,United States,38.6734416881093,-90.367393583992,MANUAL,(314) 801-7221,OPEN,,2019-10-08,,Bentley's Pet Stuff,,,29.0,2025-03-24
566-a3bfdd88fb214bcf81d4786c6b84721b-2a0a26e0f7f78e040d4af0bee5f52234,566,Bentley's Pet Stuff,,,All 4 Pets,,5126 S. Conway Road,,Orlando,FL,32812,United States,28.4821657,-81.3322699,G2S-ROOFTOP-A,(407) 930-2666,OPEN,2023-04-22,,19358.0,Bentley's Pet Stuff,,,29.0,2025-03-24
566-7dbb01d9b86647af47c20da7d8a419a5-103c8fb15b43edd4a9f77582d2f139bd,566,Bentley's Pet Stuff,,,All 4 Pets,,425 Avalon Park S. Blvd,,Orlando,FL,32828,United States,28.5375522,-81.1492832,G2S-ROOFTOP-A,(407) 282-4406,OPEN,2023-04-22,,34336.0,Bentley's Pet Stuff,,,29.0,2025-03-24
566-a3bfdd88fb214bcf81d4786c6b84721b-2a0a26e0f7f78e040d4af0bee5f52234,566,Bentley's Pet Stuff,,,All 4 Pets,,5126 S. Conway Road,,Orlando,FL,32812,United States,28.4821657,-81.3322699,G2S-ROOFTOP-A,(407) 930-2666,OPEN,2023-05-24,2023-09-19,19358.0,Bentley's Pet Stuff,,,29.0,2025-03-24
566-7dbb01d9b86647af47c20da7d8a419a5-b6afff2f9a988503f5edaee809324ca6,566,Bentley's Pet Stuff,,,FL | All 4 Pets - Avalon Park Florida,71,425 Avalon Park S Blvd.,,Orlando,FL,32828,United States,28.5375773,-81.149596,G2C-GEOMETRIC_CENTER-A,(407) 282-4406,OPEN,2021-12-21,,34336.0,Bentley's Pet Stuff,,,29.0,2025-03-24
566-7dbb01d9b86647af47c20da7d8a419a5-b6afff2f9a988503f5edaee809324ca6,566,Bentley's Pet Stuff,,,FL | All 4 Pets - Avalon Park Florida,71,425 Avalon Park S Blvd.,,Orlando,FL,32828,United States,28.5375773,-81.149596,G2C-GEOMETRIC_CENTER-A,(407) 282-4406,OPEN,2022-01-14,2022-08-12,34336.0,Bentley's Pet Stuff,,,29.0,2025-03-24
566-08a91010a9a138a54758921d0b001e95-e31e0f95d5f91768824b8a713cb343da,566,Bentley's Pet Stuff,,,Bentley's Pet Stuff,61207,100 Main Street,,Oswego,IL,60543,United States,41.683267,-88.35263,G2S-ROOFTOP-A,(630) 551-3647,OPEN,2017-04-27,,,Bentley's Pet Stuff,,,29.0,2025-03-24
566-08a91010a9a138a54758921d0b001e95-e31e0f95d5f91768824b8a713cb343da,566,Bentley's Pet Stuff,,,Bentley's Pet Stuff,,100 Main Street,,Oswego,IL,60543,United States,41.683267,-88.35263,G2S-ROOFTOP-A,(630) 551-3647,OPEN,,2023-12-25,,Bentley's Pet Stuff,,,29.0,2025-03-24
566-d691bbee6c09169b467c11aa0eb9a8bd-79420a6709f9f7ae3cccc6e53aab65ca,566,Bentley's Pet Stuff,,,Bentley's Pet Stuff - Overland Park,330883,6555 W. 119Th St.,,Overland Park,KS,66209,United States,38.9124848,-94.6603913,G2S-ROOFTOP-A,(913) 701-6443,OPEN,2017-04-27,,41120.0,Bentley's Pet Stuff,,,29.0,2025-03-24
566-d691bbee6c09169b467c11aa0eb9a8bd-79420a6709f9f7ae3cccc6e53aab65ca,566,Bentley's Pet Stuff,,,Bentley's Pet Stuff - Overland Park,330883,6555 W. 119Th St.,,Overland Park,KS,66209,United States,38.9124848,-94.6603913,G2S-ROOFTOP-A,(913) 701-6443,OPEN,,2019-07-16,41120.0,Bentley's Pet Stuff,,,29.0,2025-03-24
566-ec9fd474bf8ba20e8fc19f2677cddc8b-4ff6d7dbc22892ba3e73d2fa1e0d895d,566,Bentley's Pet Stuff,,,CO| Parker,61200,13097 S. Parker Rd,,Parker,CO,80134,United States,39.4788594811515,-104.759383160713,MANUAL,,OPEN,2017-04-27,,3936.0,Bentley's Pet Stuff,,,29.0,2025-03-24
566-ec9fd474bf8ba20e8fc19f2677cddc8b-4ff6d7dbc22892ba3e73d2fa1e0d895d,566,Bentley's Pet Stuff,,,CO| Parker,13,13097 S. Parker Rd,,Parker,CO,80134,United States,39.4788594811515,-104.759383160713,MANUAL,,OPEN,,2022-08-12,3936.0,Bentley's Pet Stuff,,,29.0,2025-03-24
566-c29d61eadee94d96a864768c0e1e2b21-dd33f51b3d0d39b0f079fad102a19b88,566,Bentley's Pet Stuff,,,GA| Pooch N' Paws Peachtree,60,"5185 Peachtree Pkwy #102,",,Peachtree Corners,GA,30092,United States,33.980965,-84.2174544,G2S-ROOFTOP-A,(770) 446-6672,OPEN,2021-02-19,,794.0,Bentley's Pet Stuff,,,29.0,2025-03-24
566-c29d61eadee94d96a864768c0e1e2b21-dd33f51b3d0d39b0f079fad102a19b88,566,Bentley's Pet Stuff,,,GA| Pooch N' Paws Peachtree,60,"5185 Peachtree Pkwy #102,",,Peachtree Corners,GA,30092,United States,33.980965,-84.2174544,G2S-ROOFTOP-A,(770) 446-6672,OPEN,2021-03-20,2021-06-28,794.0,Bentley's Pet Stuff,,,29.0,2025-03-24
566-4a93f626473f131a60adaf1e021b1525-8b183bcc45a46711792e1e4260fb1f26,566,Bentley's Pet Stuff,,,Pooch N Paws (Peachtree) - Grooming Available,214,5185 Peachtree Parkway,,Peachtree Corners,GA,30092,United States,33.978898,-84.2196769999999,G2U-ROOFTOP,(770) 446-6672,OPEN,2019-04-20,,794.0,Bentley's Pet Stuff,,,29.0,2025-03-24
566-4a93f626473f131a60adaf1e021b1525-8b183bcc45a46711792e1e4260fb1f26,566,Bentley's Pet Stuff,,,Pooch N Paws (Peachtree) - Grooming Available,214,5185 Peachtree Parkway,,Peachtree Corners,GA,30092,United States,33.978898,-84.2196769999999,G2U-ROOFTOP,(770) 446-6672,OPEN,2019-07-16,2020-07-30,794.0,Bentley's Pet Stuff,,,29.0,2025-03-24
566-8d99e7fe1e682cc281b0cb85becf738c-0309568c07dc3c176d3f401896ab8dd9,566,Bentley's Pet Stuff,,,Wags To Whiskers - Plainfield,,15420  Rte 59 #104,,Plainfield,IL,60544,United States,41.6016426,-88.2025222,G2S-ROOFTOP-A,(815) 436-5957,OPEN,2024-10-29,,,Bentley's Pet Stuff,,,29.0,2025-03-24
566-990038fbdc7c81cd3c4dbc11ed595e52-7dda110bd5a381ef46517ce838991f00,566,Bentley's Pet Stuff,,,Bentley's Pet Stuff,61248,"9250 76th Street, Suite E",,Pleasant Prarie,WI,53158,United States,42.5658619,-87.919536,G2S-ROOFTOP-A,(262) 764-6461,OPEN,2017-07-26,,,Bentley's Pet Stuff,,,29.0,2025-03-24
566-f9c18ae15098fc09f8f92bef207549c9-c89b903802d1befbd97b5af05c4fd56d,566,Bentley's Pet Stuff,,,Bentley's Pet Stuff Plymouth,61234,1115 Vicksburg Ln,,Plymouth,MN,55447,United States,44.9913462,-93.4822363,G2S-ROOFTOP-A,(763) 476-7372,OPEN,2017-04-27,,,Bentley's Pet Stuff,,,29.0,2025-03-24
566-f9c18ae15098fc09f8f92bef207549c9-c89b903802d1befbd97b5af05c4fd56d,566,Bentley's Pet Stuff,,,Bentley's Pet Stuff Plymouth,61234,1115 Vicksburg Ln,,Plymouth,MN,55447,United States,44.9913462,-93.4822363,G2S-ROOFTOP-A,(763) 476-7372,OPEN,,2019-07-16,,Bentley's Pet Stuff,,,29.0,2025-03-24
566-13ae287ee21dbf39f771ab089ad91b4e-8a019d494f7080379e759a6692fb31c6,566,Bentley's Pet Stuff,,,Bentley's Pet Stuff Pooler,86805,473 Pooler Parkway,,Pooler,GA,31322,United States,32.1347483,-81.2515839,G2U-ROOFTOP,(912) 330-8852,OPEN,2017-07-26,,27280.0,Bentley's Pet Stuff,,,29.0,2025-03-24
566-effd5cc9dafdb9622e6e5850adcae061-8a019d494f7080379e759a6692fb31c6,566,Bentley's Pet Stuff,,,TailsSpin Pooler Martketplace - A Bentley's Pet Stuff Company,86805,473 Pooler Pkwy,,Pooler,GA,31408,United States,32.1347483,-81.2515839,ROOFTOP,912-330-8852,OPEN,2017-04-27,,27280.0,Bentley's Pet Stuff,,,29.0,2025-03-24
566-effd5cc9dafdb9622e6e5850adcae061-8a019d494f7080379e759a6692fb31c6,566,Bentley's Pet Stuff,,,TailsSpin Pooler Martketplace - A Bentley's Pet Stuff Company,86805,473 Pooler Pkwy,,Pooler,GA,31408,United States,32.1347483,-81.2515839,ROOFTOP,912-330-8852,OPEN,,2018-01-26,27280.0,Bentley's Pet Stuff,,,29.0,2025-03-24
566-48e02f90f2c92d243778e4e81db9446d-11147bf0fc73abadbda56ccbef9d77a5,566,Bentley's Pet Stuff,,,WI | Racine,61252,5658 Washington Ave.,,Racine,WI,53406,United States,42.7196086,-87.8485448,G2U-ROOFTOP,(262) 583-3034,OPEN,2017-04-27,,6466.0,Bentley's Pet Stuff,,,29.0,2025-03-24
